patient_id,age_at_screening,pfsa_score,seq_score,pscore_score,rare_score,predicted_risk
P418305275392,27.28846153846154,0.005641494556102918,0.005145488510724253,0.0009659554593274696,0.0013238181576031344,0.0009508108703337379
P005348489473,50.75,0.00188627402153096,0.0014527806605429852,0.0009659554593274696,0.0013238181576031344,0.000861810807114218
P000111080221,38.94230769230769,0.0020612724829454305,0.0020862933394316173,0.0014396678058387238,0.0027456423826247743,0.0013513631864787668
P88005553535,33.57692307692308,0.0021623151756110333,0.0035428167485319984,0.0015039893796140794,0.0027456423826247743,0.0013749654943752349
